external_id,import_class,primary_name,display_name,class_code,source_type_hint,source_category_hint,lat,lng,confidence_score,source_hash,source_refs
osm:node:13022883078,safe_new,အလယ်,Ah Lel,village,village,settlement,16.6918808,96.3090589,80.00,1f4d367daa326e9eaae316cf544ec179,"{""place"": ""village"", ""osm_id"": ""13022883078"", ""raw_id"": 204, ""raw_table"": ""raw_osm_points"", ""population"": null, ""external_id"": ""osm:node:13022883078"", ""region_code"": ""MM-KYAUKTAN"", ""osm_feature_type"": ""N"", ""snapshot_version"": ""osm_myanmar_2026_05_15_kyauktan_v2"", ""source_snapshot_id"": 4, ""source_classification"": ""settlement""}"
osm:node:13022883080,safe_new,ထားမလုံရပ်ကွက်,ထားမလုံရပ်ကွက်,quarter,quarter,settlement,16.7054141,96.2951368,80.00,cbe40eef395f29157954aae4bf3b2ba6,"{""place"": ""quarter"", ""osm_id"": ""13022883080"", ""raw_id"": 260, ""raw_table"": ""raw_osm_points"", ""population"": null, ""external_id"": ""osm:node:13022883080"", ""region_code"": ""MM-KYAUKTAN"", ""osm_feature_type"": ""N"", ""snapshot_version"": ""osm_myanmar_2026_05_15_kyauktan_v2"", ""source_snapshot_id"": 4, ""source_classification"": ""settlement""}"
osm:node:13127792125,safe_new,ချောင်းစောက်,Chaung Sauk,village,village,settlement,16.7175846,96.3562166,80.00,c8b9a2a0d9f3008505591f6598914485,"{""place"": ""village"", ""osm_id"": ""13127792125"", ""raw_id"": 534, ""raw_table"": ""raw_osm_points"", ""population"": null, ""external_id"": ""osm:node:13127792125"", ""region_code"": ""MM-KYAUKTAN"", ""osm_feature_type"": ""N"", ""snapshot_version"": ""osm_myanmar_2026_05_15_kyauktan_v2"", ""source_snapshot_id"": 4, ""source_classification"": ""settlement""}"
osm:node:13127792133,safe_new,ဆားမလုံ,Sar Ma Lon,village,village,settlement,16.6965294,96.3073883,80.00,48b32b8596c90d0279d5ceb32e59630c,"{""place"": ""village"", ""osm_id"": ""13127792133"", ""raw_id"": 201, ""raw_table"": ""raw_osm_points"", ""population"": null, ""external_id"": ""osm:node:13127792133"", ""region_code"": ""MM-KYAUKTAN"", ""osm_feature_type"": ""N"", ""snapshot_version"": ""osm_myanmar_2026_05_15_kyauktan_v2"", ""source_snapshot_id"": 4, ""source_classification"": ""settlement""}"
osm:node:13127792134,safe_new,ပျဉ်ထောင်ကျောင်း,Pyin Htaung Kyaung,village,village,settlement,16.7121542,96.296752,80.00,8029fdd5217c92bc01d87818fbefda70,"{""place"": ""village"", ""osm_id"": ""13127792134"", ""raw_id"": 244, ""raw_table"": ""raw_osm_points"", ""population"": null, ""external_id"": ""osm:node:13127792134"", ""region_code"": ""MM-KYAUKTAN"", ""osm_feature_type"": ""N"", ""snapshot_version"": ""osm_myanmar_2026_05_15_kyauktan_v2"", ""source_snapshot_id"": 4, ""source_classification"": ""settlement""}"
osm:node:13127792135,safe_new,မြယာရိုး,Mya Yar Yoe,village,village,settlement,16.692599,96.2873377,80.00,f1ac254afe8308a7c2c1a6b67def6183,"{""place"": ""village"", ""osm_id"": ""13127792135"", ""raw_id"": 206, ""raw_table"": ""raw_osm_points"", ""population"": null, ""external_id"": ""osm:node:13127792135"", ""region_code"": ""MM-KYAUKTAN"", ""osm_feature_type"": ""N"", ""snapshot_version"": ""osm_myanmar_2026_05_15_kyauktan_v2"", ""source_snapshot_id"": 4, ""source_classification"": ""settlement""}"
osm:node:13127792136,safe_new,လက်ယက်စမ်း,Let Yet San,village,village,settlement,16.7038593,96.2933731,80.00,8b699876e5b07cf0fe2206fe3a581c78,"{""place"": ""village"", ""osm_id"": ""13127792136"", ""raw_id"": 263, ""raw_table"": ""raw_osm_points"", ""population"": null, ""external_id"": ""osm:node:13127792136"", ""region_code"": ""MM-KYAUKTAN"", ""osm_feature_type"": ""N"", ""snapshot_version"": ""osm_myanmar_2026_05_15_kyauktan_v2"", ""source_snapshot_id"": 4, ""source_classification"": ""settlement""}"
osm:node:13127792137,safe_new,ကျောက်ကန်ကွင်း,Kyauk Kan Kwin,village,village,settlement,16.6873136,96.3095405,80.00,ade52070945599f52422c069702b1e20,"{""place"": ""village"", ""osm_id"": ""13127792137"", ""raw_id"": 283, ""raw_table"": ""raw_osm_points"", ""population"": null, ""external_id"": ""osm:node:13127792137"", ""region_code"": ""MM-KYAUKTAN"", ""osm_feature_type"": ""N"", ""snapshot_version"": ""osm_myanmar_2026_05_15_kyauktan_v2"", ""source_snapshot_id"": 4, ""source_classification"": ""settlement""}"
osm:node:13127792139,safe_new,ထန်းပင်ဆိပ်,Htan Pin Seik,village,village,settlement,16.702303,96.3047704,80.00,5a2df761d59452a12074ac08ed359610,"{""place"": ""village"", ""osm_id"": ""13127792139"", ""raw_id"": 189, ""raw_table"": ""raw_osm_points"", ""population"": null, ""external_id"": ""osm:node:13127792139"", ""region_code"": ""MM-KYAUKTAN"", ""osm_feature_type"": ""N"", ""snapshot_version"": ""osm_myanmar_2026_05_15_kyauktan_v2"", ""source_snapshot_id"": 4, ""source_classification"": ""settlement""}"
osm:node:13127792158,safe_new,အလွန်းဆုတ်,Ah Lun Soke,village,village,settlement,16.6910508,96.2651776,80.00,b22c47f82f937940bed49b3b4775aaa7,"{""place"": ""village"", ""osm_id"": ""13127792158"", ""raw_id"": 174, ""raw_table"": ""raw_osm_points"", ""population"": null, ""external_id"": ""osm:node:13127792158"", ""region_code"": ""MM-KYAUKTAN"", ""osm_feature_type"": ""N"", ""snapshot_version"": ""osm_myanmar_2026_05_15_kyauktan_v2"", ""source_snapshot_id"": 4, ""source_classification"": ""settlement""}"
osm:node:13146787228,safe_new,သံတဲ,Than Te,village,village,settlement,16.5013886,96.3824275,80.00,027df65602325f9c725d6d39b1f05608,"{""place"": ""village"", ""osm_id"": ""13146787228"", ""raw_id"": 118, ""raw_table"": ""raw_osm_points"", ""population"": null, ""external_id"": ""osm:node:13146787228"", ""region_code"": ""MM-KYAUKTAN"", ""osm_feature_type"": ""N"", ""snapshot_version"": ""osm_myanmar_2026_05_15_kyauktan_v2"", ""source_snapshot_id"": 4, ""source_classification"": ""settlement""}"
osm:node:13146787230,safe_new,ရွှေပြည်သစ်,Shwe Pyi Thit,village,village,settlement,16.5161443,96.4172063,80.00,2bd824954b1075e660490ff22b191108,"{""place"": ""village"", ""osm_id"": ""13146787230"", ""raw_id"": 122, ""raw_table"": ""raw_osm_points"", ""population"": null, ""external_id"": ""osm:node:13146787230"", ""region_code"": ""MM-KYAUKTAN"", ""osm_feature_type"": ""N"", ""snapshot_version"": ""osm_myanmar_2026_05_15_kyauktan_v2"", ""source_snapshot_id"": 4, ""source_classification"": ""settlement""}"
osm:node:13146787232,safe_new,ခင်တန်း,Khin Tan,village,village,settlement,16.5067637,96.414776,80.00,56874b37c1e0108280c480ccb8e67391,"{""place"": ""village"", ""osm_id"": ""13146787232"", ""raw_id"": 120, ""raw_table"": ""raw_osm_points"", ""population"": null, ""external_id"": ""osm:node:13146787232"", ""region_code"": ""MM-KYAUKTAN"", ""osm_feature_type"": ""N"", ""snapshot_version"": ""osm_myanmar_2026_05_15_kyauktan_v2"", ""source_snapshot_id"": 4, ""source_classification"": ""settlement""}"
osm:node:13146787234,safe_new,ဇွဲကနာ,Zwe Ka Nar,village,village,settlement,16.5712256,96.4422858,80.00,c504e3fd6595de223d0fa463e33b1e90,"{""place"": ""village"", ""osm_id"": ""13146787234"", ""raw_id"": 149, ""raw_table"": ""raw_osm_points"", ""population"": null, ""external_id"": ""osm:node:13146787234"", ""region_code"": ""MM-KYAUKTAN"", ""osm_feature_type"": ""N"", ""snapshot_version"": ""osm_myanmar_2026_05_15_kyauktan_v2"", ""source_snapshot_id"": 4, ""source_classification"": ""settlement""}"
osm:node:13146787235,safe_new,ဇွဲဘာကုန်းတန်း,Zwe Bar Kone Tan,village,village,settlement,16.5316141,96.3577958,80.00,f9d5e36f97e40040a2d9b6a3afb45b1c,"{""place"": ""village"", ""osm_id"": ""13146787235"", ""raw_id"": 137, ""raw_table"": ""raw_osm_points"", ""population"": null, ""external_id"": ""osm:node:13146787235"", ""region_code"": ""MM-KYAUKTAN"", ""osm_feature_type"": ""N"", ""snapshot_version"": ""osm_myanmar_2026_05_15_kyauktan_v2"", ""source_snapshot_id"": 4, ""source_classification"": ""settlement""}"
osm:node:13146787236,safe_new,ရွာသစ်ကလေး,Ywar Thit Ka Lay,village,village,settlement,16.5970887,96.4093899,80.00,a212dbdd8c25bb2bd49b6d2e8682c38a,"{""place"": ""village"", ""osm_id"": ""13146787236"", ""raw_id"": 155, ""raw_table"": ""raw_osm_points"", ""population"": null, ""external_id"": ""osm:node:13146787236"", ""region_code"": ""MM-KYAUKTAN"", ""osm_feature_type"": ""N"", ""snapshot_version"": ""osm_myanmar_2026_05_15_kyauktan_v2"", ""source_snapshot_id"": 4, ""source_classification"": ""settlement""}"
osm:node:13146787237,safe_new,စန္ဒီ,San Di,village,village,settlement,16.5875492,96.3720398,80.00,61b648457e8d8aa9b3ab9b1b9bf297e1,"{""place"": ""village"", ""osm_id"": ""13146787237"", ""raw_id"": 145, ""raw_table"": ""raw_osm_points"", ""population"": null, ""external_id"": ""osm:node:13146787237"", ""region_code"": ""MM-KYAUKTAN"", ""osm_feature_type"": ""N"", ""snapshot_version"": ""osm_myanmar_2026_05_15_kyauktan_v2"", ""source_snapshot_id"": 4, ""source_classification"": ""settlement""}"
osm:node:13146787238,safe_new,ကြာကန်,Kyar Kan,village,village,settlement,16.5801579,96.3585975,80.00,c2e4f822a557e0332e4991e2196dae68,"{""place"": ""village"", ""osm_id"": ""13146787238"", ""raw_id"": 146, ""raw_table"": ""raw_osm_points"", ""population"": null, ""external_id"": ""osm:node:13146787238"", ""region_code"": ""MM-KYAUKTAN"", ""osm_feature_type"": ""N"", ""snapshot_version"": ""osm_myanmar_2026_05_15_kyauktan_v2"", ""source_snapshot_id"": 4, ""source_classification"": ""settlement""}"
osm:node:13146787239,safe_new,မင်္ဂလွန်း,Min Ga Lun,village,village,settlement,16.5786308,96.4616815,80.00,69c56d5b0439396e117f1ce36caecd98,"{""place"": ""village"", ""osm_id"": ""13146787239"", ""raw_id"": 154, ""raw_table"": ""raw_osm_points"", ""population"": null, ""external_id"": ""osm:node:13146787239"", ""region_code"": ""MM-KYAUKTAN"", ""osm_feature_type"": ""N"", ""snapshot_version"": ""osm_myanmar_2026_05_15_kyauktan_v2"", ""source_snapshot_id"": 4, ""source_classification"": ""settlement""}"
osm:node:13146787241,safe_new,ခလောက်ဆွဲ,Kha Lauk Swea,village,village,settlement,16.5605507,96.3331604,80.00,724d435eb48b929cc8ad1c4812f4b1dc,"{""place"": ""village"", ""osm_id"": ""13146787241"", ""raw_id"": 132, ""raw_table"": ""raw_osm_points"", ""population"": null, ""external_id"": ""osm:node:13146787241"", ""region_code"": ""MM-KYAUKTAN"", ""osm_feature_type"": ""N"", ""snapshot_version"": ""osm_myanmar_2026_05_15_kyauktan_v2"", ""source_snapshot_id"": 4, ""source_classification"": ""settlement""}"
osm:node:13146787242,safe_new,သဲကုန်း,Thea Kone,village,village,settlement,16.5676806,96.3695396,80.00,0b2a0b6c1c7ff0e430094841c16b455f,"{""place"": ""village"", ""osm_id"": ""13146787242"", ""raw_id"": 147, ""raw_table"": ""raw_osm_points"", ""population"": null, ""external_id"": ""osm:node:13146787242"", ""region_code"": ""MM-KYAUKTAN"", ""osm_feature_type"": ""N"", ""snapshot_version"": ""osm_myanmar_2026_05_15_kyauktan_v2"", ""source_snapshot_id"": 4, ""source_classification"": ""settlement""}"
osm:node:13146787243,safe_new,ကွနှီး,Kwa Hnee,village,village,settlement,16.5510262,96.3814207,80.00,6c9e426ad15656334750e152605b9905,"{""place"": ""village"", ""osm_id"": ""13146787243"", ""raw_id"": 131, ""raw_table"": ""raw_osm_points"", ""population"": null, ""external_id"": ""osm:node:13146787243"", ""region_code"": ""MM-KYAUKTAN"", ""osm_feature_type"": ""N"", ""snapshot_version"": ""osm_myanmar_2026_05_15_kyauktan_v2"", ""source_snapshot_id"": 4, ""source_classification"": ""settlement""}"
osm:node:13146787244,safe_new,ကမာကလုပ် (အနောက်),Ka Mar Ka Loke (West),village,village,settlement,16.5481274,96.4113015,80.00,24d282d059e9cf6a22b152b8a727ce9c,"{""place"": ""village"", ""osm_id"": ""13146787244"", ""raw_id"": 126, ""raw_table"": ""raw_osm_points"", ""population"": null, ""external_id"": ""osm:node:13146787244"", ""region_code"": ""MM-KYAUKTAN"", ""osm_feature_type"": ""N"", ""snapshot_version"": ""osm_myanmar_2026_05_15_kyauktan_v2"", ""source_snapshot_id"": 4, ""source_classification"": ""settlement""}"
osm:node:13146787245,safe_new,ကရင်ချောင်,Kayin Chaung,village,village,settlement,16.5700031,96.4114115,80.00,9588b02bf502fe5d45fd1ed0be222f9f,"{""place"": ""village"", ""osm_id"": ""13146787245"", ""raw_id"": 148, ""raw_table"": ""raw_osm_points"", ""population"": null, ""external_id"": ""osm:node:13146787245"", ""region_code"": ""MM-KYAUKTAN"", ""osm_feature_type"": ""N"", ""snapshot_version"": ""osm_myanmar_2026_05_15_kyauktan_v2"", ""source_snapshot_id"": 4, ""source_classification"": ""settlement""}"
osm:node:13146787246,safe_new,ကမာလမ်း,Ka Mar Lan,village,village,settlement,16.5282497,96.4311523,80.00,c0fd5ec717c33269120b3beb3866b215,"{""place"": ""village"", ""osm_id"": ""13146787246"", ""raw_id"": 121, ""raw_table"": ""raw_osm_points"", ""population"": null, ""external_id"": ""osm:node:13146787246"", ""region_code"": ""MM-KYAUKTAN"", ""osm_feature_type"": ""N"", ""snapshot_version"": ""osm_myanmar_2026_05_15_kyauktan_v2"", ""source_snapshot_id"": 4, ""source_classification"": ""settlement""}"
osm:node:13146787247,safe_new,ကမာကလုပ်,Ka Mar Ka Loke,village,village,settlement,16.5501595,96.4138336,80.00,37463b8de1cf7358a0044daf7562dff8,"{""place"": ""village"", ""osm_id"": ""13146787247"", ""raw_id"": 128, ""raw_table"": ""raw_osm_points"", ""population"": null, ""external_id"": ""osm:node:13146787247"", ""region_code"": ""MM-KYAUKTAN"", ""osm_feature_type"": ""N"", ""snapshot_version"": ""osm_myanmar_2026_05_15_kyauktan_v2"", ""source_snapshot_id"": 4, ""source_classification"": ""settlement""}"
osm:node:13146787248,safe_new,ခမယ်,Kha Mei,village,village,settlement,16.5943802,96.3383108,80.00,0f2e6be312e29e08bc169d73198ba09c,"{""place"": ""village"", ""osm_id"": ""13146787248"", ""raw_id"": 165, ""raw_table"": ""raw_osm_points"", ""population"": null, ""external_id"": ""osm:node:13146787248"", ""region_code"": ""MM-KYAUKTAN"", ""osm_feature_type"": ""N"", ""snapshot_version"": ""osm_myanmar_2026_05_15_kyauktan_v2"", ""source_snapshot_id"": 4, ""source_classification"": ""settlement""}"
osm:node:13146787249,safe_new,အစဲ,Ah Se,village,village,settlement,16.5967007,96.4629669,80.00,04f7328275aaf200a62333749898389e,"{""place"": ""village"", ""osm_id"": ""13146787249"", ""raw_id"": 156, ""raw_table"": ""raw_osm_points"", ""population"": null, ""external_id"": ""osm:node:13146787249"", ""region_code"": ""MM-KYAUKTAN"", ""osm_feature_type"": ""N"", ""snapshot_version"": ""osm_myanmar_2026_05_15_kyauktan_v2"", ""source_snapshot_id"": 4, ""source_classification"": ""settlement""}"
osm:node:13146787276,safe_new,ရွာသစ်ကြီး,Ywar Thit Gyi,village,village,settlement,16.6219335,96.4209013,80.00,0bf2faadd8a6fc6454ed233e93ad695e,"{""place"": ""village"", ""osm_id"": ""13146787276"", ""raw_id"": 159, ""raw_table"": ""raw_osm_points"", ""population"": null, ""external_id"": ""osm:node:13146787276"", ""region_code"": ""MM-KYAUKTAN"", ""osm_feature_type"": ""N"", ""snapshot_version"": ""osm_myanmar_2026_05_15_kyauktan_v2"", ""source_snapshot_id"": 4, ""source_classification"": ""settlement""}"
osm:node:13146787279,safe_new,ကွင်းပေါက်,Kwin Pauk,village,village,settlement,16.6218602,96.4469945,80.00,d34534120a20a93df0f9818b56329b2d,"{""place"": ""village"", ""osm_id"": ""13146787279"", ""raw_id"": 158, ""raw_table"": ""raw_osm_points"", ""population"": null, ""external_id"": ""osm:node:13146787279"", ""region_code"": ""MM-KYAUKTAN"", ""osm_feature_type"": ""N"", ""snapshot_version"": ""osm_myanmar_2026_05_15_kyauktan_v2"", ""source_snapshot_id"": 4, ""source_classification"": ""settlement""}"
osm:node:13146787280,safe_new,ဥယျာဉ်,U Yin,village,village,settlement,16.6137791,96.4153976,80.00,44368111684eeff86085d361a432ccd1,"{""place"": ""village"", ""osm_id"": ""13146787280"", ""raw_id"": 160, ""raw_table"": ""raw_osm_points"", ""population"": null, ""external_id"": ""osm:node:13146787280"", ""region_code"": ""MM-KYAUKTAN"", ""osm_feature_type"": ""N"", ""snapshot_version"": ""osm_myanmar_2026_05_15_kyauktan_v2"", ""source_snapshot_id"": 4, ""source_classification"": ""settlement""}"
osm:node:13146787281,safe_new,သောင်ကြီး,Thaung Gyi,village,village,settlement,16.6356106,96.3674164,80.00,68c7e6de225be2894c0ed395d1ee8a50,"{""place"": ""village"", ""osm_id"": ""13146787281"", ""raw_id"": 113, ""raw_table"": ""raw_osm_points"", ""population"": null, ""external_id"": ""osm:node:13146787281"", ""region_code"": ""MM-KYAUKTAN"", ""osm_feature_type"": ""N"", ""snapshot_version"": ""osm_myanmar_2026_05_15_kyauktan_v2"", ""source_snapshot_id"": 4, ""source_classification"": ""settlement""}"
osm:node:13146787284,safe_new,တမံကြီး,Ta Man Gyi,village,village,settlement,16.6496195,96.4030257,80.00,f9e5416ed86002e625877d63f9a6e843,"{""place"": ""village"", ""osm_id"": ""13146787284"", ""raw_id"": 116, ""raw_table"": ""raw_osm_points"", ""population"": null, ""external_id"": ""osm:node:13146787284"", ""region_code"": ""MM-KYAUKTAN"", ""osm_feature_type"": ""N"", ""snapshot_version"": ""osm_myanmar_2026_05_15_kyauktan_v2"", ""source_snapshot_id"": 4, ""source_classification"": ""settlement""}"
osm:node:13146787285,safe_new,ပီလခတ်ကုလား,Pi La Khat Ku Lar,village,village,settlement,16.6536852,96.3699479,80.00,23c77ada24e0bafa595934b995930da0,"{""place"": ""village"", ""osm_id"": ""13146787285"", ""raw_id"": 71, ""raw_table"": ""raw_osm_points"", ""population"": null, ""external_id"": ""osm:node:13146787285"", ""region_code"": ""MM-KYAUKTAN"", ""osm_feature_type"": ""N"", ""snapshot_version"": ""osm_myanmar_2026_05_15_kyauktan_v2"", ""source_snapshot_id"": 4, ""source_classification"": ""settlement""}"
osm:node:13146787286,safe_new,ပီလခတ်,Pi La Khat,village,village,settlement,16.6424503,96.3777008,80.00,e6ae590a49c59095e2d6bf2d83bc92ef,"{""place"": ""village"", ""osm_id"": ""13146787286"", ""raw_id"": 115, ""raw_table"": ""raw_osm_points"", ""population"": null, ""external_id"": ""osm:node:13146787286"", ""region_code"": ""MM-KYAUKTAN"", ""osm_feature_type"": ""N"", ""snapshot_version"": ""osm_myanmar_2026_05_15_kyauktan_v2"", ""source_snapshot_id"": 4, ""source_classification"": ""settlement""}"
osm:node:13146787287,safe_new,ဇင်ပြွန်းကုန်း,Zin Pyun Kone,village,village,settlement,16.6598396,96.3304672,80.00,d76574ba5c6b71a2e176de0407ed9723,"{""place"": ""village"", ""osm_id"": ""13146787287"", ""raw_id"": 60, ""raw_table"": ""raw_osm_points"", ""population"": null, ""external_id"": ""osm:node:13146787287"", ""region_code"": ""MM-KYAUKTAN"", ""osm_feature_type"": ""N"", ""snapshot_version"": ""osm_myanmar_2026_05_15_kyauktan_v2"", ""source_snapshot_id"": 4, ""source_classification"": ""settlement""}"
osm:node:13146787288,safe_new,ပန်းတော,Pan Taw,village,village,settlement,16.6265793,96.3460999,80.00,dcb7dc8d19f51b4a0032328b80035d4f,"{""place"": ""village"", ""osm_id"": ""13146787288"", ""raw_id"": 114, ""raw_table"": ""raw_osm_points"", ""population"": null, ""external_id"": ""osm:node:13146787288"", ""region_code"": ""MM-KYAUKTAN"", ""osm_feature_type"": ""N"", ""snapshot_version"": ""osm_myanmar_2026_05_15_kyauktan_v2"", ""source_snapshot_id"": 4, ""source_classification"": ""settlement""}"
osm:node:13146787289,safe_new,ကျွန်းကလေး,Kyun Ka Lay,village,village,settlement,16.6217003,96.3750534,80.00,1c599fa4802498fe7dab904c665792df,"{""place"": ""village"", ""osm_id"": ""13146787289"", ""raw_id"": 163, ""raw_table"": ""raw_osm_points"", ""population"": null, ""external_id"": ""osm:node:13146787289"", ""region_code"": ""MM-KYAUKTAN"", ""osm_feature_type"": ""N"", ""snapshot_version"": ""osm_myanmar_2026_05_15_kyauktan_v2"", ""source_snapshot_id"": 4, ""source_classification"": ""settlement""}"
osm:node:13146787292,safe_new,ကြာကန်,Kyar Kan,village,village,settlement,16.6776231,96.353899,80.00,79a5d7c7de934aa4bf44fe6778da689c,"{""place"": ""village"", ""osm_id"": ""13146787292"", ""raw_id"": 46, ""raw_table"": ""raw_osm_points"", ""population"": null, ""external_id"": ""osm:node:13146787292"", ""region_code"": ""MM-KYAUKTAN"", ""osm_feature_type"": ""N"", ""snapshot_version"": ""osm_myanmar_2026_05_15_kyauktan_v2"", ""source_snapshot_id"": 4, ""source_classification"": ""settlement""}"
osm:node:13146787293,safe_new,ကြံပင်,Kyan Pin,village,village,settlement,16.6238435,96.3920816,80.00,2829468c60c3b31714f97788cb10a0b0,"{""place"": ""village"", ""osm_id"": ""13146787293"", ""raw_id"": 161, ""raw_table"": ""raw_osm_points"", ""population"": null, ""external_id"": ""osm:node:13146787293"", ""region_code"": ""MM-KYAUKTAN"", ""osm_feature_type"": ""N"", ""snapshot_version"": ""osm_myanmar_2026_05_15_kyauktan_v2"", ""source_snapshot_id"": 4, ""source_classification"": ""settlement""}"
osm:node:13146787294,safe_new,ကန်ပြောင်,Kan Pyaung,village,village,settlement,16.683384,96.4115947,80.00,d01820eca93e907e9f761065872ace8a,"{""place"": ""village"", ""osm_id"": ""13146787294"", ""raw_id"": 45, ""raw_table"": ""raw_osm_points"", ""population"": null, ""external_id"": ""osm:node:13146787294"", ""region_code"": ""MM-KYAUKTAN"", ""osm_feature_type"": ""N"", ""snapshot_version"": ""osm_myanmar_2026_05_15_kyauktan_v2"", ""source_snapshot_id"": 4, ""source_classification"": ""settlement""}"
osm:node:13146787295,safe_new,ရေကျော်,Yae Kyaw,village,village,settlement,16.7009648,96.3419809,80.00,bf1c5443f2225de67560438953ea18a4,"{""place"": ""village"", ""osm_id"": ""13146787295"", ""raw_id"": 227, ""raw_table"": ""raw_osm_points"", ""population"": null, ""external_id"": ""osm:node:13146787295"", ""region_code"": ""MM-KYAUKTAN"", ""osm_feature_type"": ""N"", ""snapshot_version"": ""osm_myanmar_2026_05_15_kyauktan_v2"", ""source_snapshot_id"": 4, ""source_classification"": ""settlement""}"
osm:node:13146787296,safe_new,ချောင်းစောက်,Chaung Sauk,village,village,settlement,16.7175495,96.3872231,80.00,95a68f8bb47b75a148e1b25ecfcc55b2,"{""place"": ""village"", ""osm_id"": ""13146787296"", ""raw_id"": 44, ""raw_table"": ""raw_osm_points"", ""population"": null, ""external_id"": ""osm:node:13146787296"", ""region_code"": ""MM-KYAUKTAN"", ""osm_feature_type"": ""N"", ""snapshot_version"": ""osm_myanmar_2026_05_15_kyauktan_v2"", ""source_snapshot_id"": 4, ""source_classification"": ""settlement""}"
osm:node:13146787297,safe_new,သနပ္ပင်ချင်း,Tha Nat Pin Chin,village,village,settlement,16.6037749,96.2980634,80.00,026b466e33664dd421f771276a2217ed,"{""place"": ""village"", ""osm_id"": ""13146787297"", ""raw_id"": 167, ""raw_table"": ""raw_osm_points"", ""population"": null, ""external_id"": ""osm:node:13146787297"", ""region_code"": ""MM-KYAUKTAN"", ""osm_feature_type"": ""N"", ""snapshot_version"": ""osm_myanmar_2026_05_15_kyauktan_v2"", ""source_snapshot_id"": 4, ""source_classification"": ""settlement""}"
osm:node:13146787298,safe_new,မြွေပွေးကုန်း,Mway Pway Kone,village,village,settlement,16.6075905,96.3030478,80.00,858520394a411ab811f2a4bde2bd7162,"{""place"": ""village"", ""osm_id"": ""13146787298"", ""raw_id"": 166, ""raw_table"": ""raw_osm_points"", ""population"": null, ""external_id"": ""osm:node:13146787298"", ""region_code"": ""MM-KYAUKTAN"", ""osm_feature_type"": ""N"", ""snapshot_version"": ""osm_myanmar_2026_05_15_kyauktan_v2"", ""source_snapshot_id"": 4, ""source_classification"": ""settlement""}"
osm:node:13146787299,safe_new,အငူ,Ah Ngu,village,village,settlement,16.6191012,96.3203965,80.00,d9f4141b5a0d6a64a8804150e1308338,"{""place"": ""village"", ""osm_id"": ""13146787299"", ""raw_id"": 164, ""raw_table"": ""raw_osm_points"", ""population"": null, ""external_id"": ""osm:node:13146787299"", ""region_code"": ""MM-KYAUKTAN"", ""osm_feature_type"": ""N"", ""snapshot_version"": ""osm_myanmar_2026_05_15_kyauktan_v2"", ""source_snapshot_id"": 4, ""source_classification"": ""settlement""}"
osm:node:13146787300,safe_new,ရွှေပျောက်,Shwe Pyauk,village,village,settlement,16.6604996,96.3128662,80.00,f1a544bfb313e38e7958eecd7497460a,"{""place"": ""village"", ""osm_id"": ""13146787300"", ""raw_id"": 361, ""raw_table"": ""raw_osm_points"", ""population"": null, ""external_id"": ""osm:node:13146787300"", ""region_code"": ""MM-KYAUKTAN"", ""osm_feature_type"": ""N"", ""snapshot_version"": ""osm_myanmar_2026_05_15_kyauktan_v2"", ""source_snapshot_id"": 4, ""source_classification"": ""settlement""}"
osm:node:13146789701,safe_new,ဆေးဘိုဝ,Say Bo Wa,village,village,settlement,16.6579094,96.2961121,80.00,9e51edeb6b9e04761feb7a219163845e,"{""place"": ""village"", ""osm_id"": ""13146789701"", ""raw_id"": 357, ""raw_table"": ""raw_osm_points"", ""population"": null, ""external_id"": ""osm:node:13146789701"", ""region_code"": ""MM-KYAUKTAN"", ""osm_feature_type"": ""N"", ""snapshot_version"": ""osm_myanmar_2026_05_15_kyauktan_v2"", ""source_snapshot_id"": 4, ""source_classification"": ""settlement""}"
osm:node:13146789702,safe_new,ကြာကန်ဒိတ်,Kyar Kan Deik,village,village,settlement,16.647754,96.3044585,80.00,4109db65d620e7ec353dc36af606e6dc,"{""place"": ""village"", ""osm_id"": ""13146789702"", ""raw_id"": 527, ""raw_table"": ""raw_osm_points"", ""population"": null, ""external_id"": ""osm:node:13146789702"", ""region_code"": ""MM-KYAUKTAN"", ""osm_feature_type"": ""N"", ""snapshot_version"": ""osm_myanmar_2026_05_15_kyauktan_v2"", ""source_snapshot_id"": 4, ""source_classification"": ""settlement""}"
osm:node:13146789703,safe_new,ကျိုက္ကမော့,Kyaik Ka Mawt,village,village,settlement,16.6542646,96.301875,80.00,0939fb284a11a5bf8c0a51975aba55d5,"{""place"": ""village"", ""osm_id"": ""13146789703"", ""raw_id"": 362, ""raw_table"": ""raw_osm_points"", ""population"": null, ""external_id"": ""osm:node:13146789703"", ""region_code"": ""MM-KYAUKTAN"", ""osm_feature_type"": ""N"", ""snapshot_version"": ""osm_myanmar_2026_05_15_kyauktan_v2"", ""source_snapshot_id"": 4, ""source_classification"": ""settlement""}"
osm:node:13146789704,safe_new,အဒ္ဓတ္တော,Adda Taw,village,village,settlement,16.6550482,96.2952755,80.00,7e7245f2f9df1eac079e3257f23467e7,"{""place"": ""village"", ""osm_id"": ""13146789704"", ""raw_id"": 365, ""raw_table"": ""raw_osm_points"", ""population"": null, ""external_id"": ""osm:node:13146789704"", ""region_code"": ""MM-KYAUKTAN"", ""osm_feature_type"": ""N"", ""snapshot_version"": ""osm_myanmar_2026_05_15_kyauktan_v2"", ""source_snapshot_id"": 4, ""source_classification"": ""settlement""}"
osm:node:13146789706,safe_new,ပါဒကြီး,Par Da Gyi,village,village,settlement,16.6567898,96.3238296,80.00,063afe19e17f1441c2ef0d1a5dc5e483,"{""place"": ""village"", ""osm_id"": ""13146789706"", ""raw_id"": 58, ""raw_table"": ""raw_osm_points"", ""population"": null, ""external_id"": ""osm:node:13146789706"", ""region_code"": ""MM-KYAUKTAN"", ""osm_feature_type"": ""N"", ""snapshot_version"": ""osm_myanmar_2026_05_15_kyauktan_v2"", ""source_snapshot_id"": 4, ""source_classification"": ""settlement""}"
osm:node:13146789707,safe_new,ရှမ်းစု,Shan Su,village,village,settlement,16.672777,96.3048912,80.00,a42450e87a7493d447030cc4ebc31fbf,"{""place"": ""village"", ""osm_id"": ""13146789707"", ""raw_id"": 326, ""raw_table"": ""raw_osm_points"", ""population"": null, ""external_id"": ""osm:node:13146789707"", ""region_code"": ""MM-KYAUKTAN"", ""osm_feature_type"": ""N"", ""snapshot_version"": ""osm_myanmar_2026_05_15_kyauktan_v2"", ""source_snapshot_id"": 4, ""source_classification"": ""settlement""}"
osm:node:13146789708,safe_new,ညောင်ဝိုင်း,Nyaung Waing,village,village,settlement,16.6683189,96.3252332,80.00,f8d6d9a02d14cba6b11145dd6e3df99e,"{""place"": ""village"", ""osm_id"": ""13146789708"", ""raw_id"": 68, ""raw_table"": ""raw_osm_points"", ""population"": null, ""external_id"": ""osm:node:13146789708"", ""region_code"": ""MM-KYAUKTAN"", ""osm_feature_type"": ""N"", ""snapshot_version"": ""osm_myanmar_2026_05_15_kyauktan_v2"", ""source_snapshot_id"": 4, ""source_classification"": ""settlement""}"
osm:node:13146789709,safe_new,မြိုင်သာယာ,Myaing Thar yar,village,village,settlement,16.6851191,96.3173456,80.00,80093cbb4065329706d1a9d1d043c083,"{""place"": ""village"", ""osm_id"": ""13146789709"", ""raw_id"": 53, ""raw_table"": ""raw_osm_points"", ""population"": null, ""external_id"": ""osm:node:13146789709"", ""region_code"": ""MM-KYAUKTAN"", ""osm_feature_type"": ""N"", ""snapshot_version"": ""osm_myanmar_2026_05_15_kyauktan_v2"", ""source_snapshot_id"": 4, ""source_classification"": ""settlement""}"
osm:node:13146789710,safe_new,မီးပြ,Mee Pya,village,village,settlement,16.5461998,96.3212967,80.00,d8eec913d7f1ba8788e5d332eb33bf67,"{""place"": ""village"", ""osm_id"": ""13146789710"", ""raw_id"": 140, ""raw_table"": ""raw_osm_points"", ""population"": null, ""external_id"": ""osm:node:13146789710"", ""region_code"": ""MM-KYAUKTAN"", ""osm_feature_type"": ""N"", ""snapshot_version"": ""osm_myanmar_2026_05_15_kyauktan_v2"", ""source_snapshot_id"": 4, ""source_classification"": ""settlement""}"
osm:node:13146789711,safe_new,ချောင်းဝ,Chaung Wa,village,village,settlement,16.5860711,96.2836567,80.00,01dd32b7f18de3bb5baed898ec36b90a,"{""place"": ""village"", ""osm_id"": ""13146789711"", ""raw_id"": 143, ""raw_table"": ""raw_osm_points"", ""population"": null, ""external_id"": ""osm:node:13146789711"", ""region_code"": ""MM-KYAUKTAN"", ""osm_feature_type"": ""N"", ""snapshot_version"": ""osm_myanmar_2026_05_15_kyauktan_v2"", ""source_snapshot_id"": 4, ""source_classification"": ""settlement""}"
osm:node:13146789712,safe_new,ဘော်ဂလွတ်,Baw Ga Lut,village,village,settlement,16.5921495,96.304216,80.00,1cfdb95a81f9ec8a5d87a13d459d426f,"{""place"": ""village"", ""osm_id"": ""13146789712"", ""raw_id"": 144, ""raw_table"": ""raw_osm_points"", ""population"": null, ""external_id"": ""osm:node:13146789712"", ""region_code"": ""MM-KYAUKTAN"", ""osm_feature_type"": ""N"", ""snapshot_version"": ""osm_myanmar_2026_05_15_kyauktan_v2"", ""source_snapshot_id"": 4, ""source_classification"": ""settlement""}"
osm:node:13229405088,safe_new,ရွှေကုန်းရပ်ကွက်,Shwe Kone Ward,quarter,quarter,settlement,16.6400321,96.3288619,80.00,ebdc758c184addb3ad7256ec7152db4b,"{""place"": ""quarter"", ""osm_id"": ""13229405088"", ""raw_id"": 111, ""raw_table"": ""raw_osm_points"", ""population"": null, ""external_id"": ""osm:node:13229405088"", ""region_code"": ""MM-KYAUKTAN"", ""osm_feature_type"": ""N"", ""snapshot_version"": ""osm_myanmar_2026_05_15_kyauktan_v2"", ""source_snapshot_id"": 4, ""source_classification"": ""settlement""}"
osm:node:13229405089,safe_new,သီတာမြိုင်ရပ်ကွက်,Thi Dar Myaing Ward,quarter,quarter,settlement,16.6311736,96.3025008,80.00,555a8465a7240a5f65c9a01b9c09f01b,"{""place"": ""quarter"", ""osm_id"": ""13229405089"", ""raw_id"": 532, ""raw_table"": ""raw_osm_points"", ""population"": null, ""external_id"": ""osm:node:13229405089"", ""region_code"": ""MM-KYAUKTAN"", ""osm_feature_type"": ""N"", ""snapshot_version"": ""osm_myanmar_2026_05_15_kyauktan_v2"", ""source_snapshot_id"": 4, ""source_classification"": ""settlement""}"
osm:node:13229405090,safe_new,ရွှေပြည်သာယာရပ်ကွက်,Shwe Pyi Thar Yar Ward,quarter,quarter,settlement,16.6409775,96.2929954,80.00,9c452d352b9e56163f586f4da0320063,"{""place"": ""quarter"", ""osm_id"": ""13229405090"", ""raw_id"": 526, ""raw_table"": ""raw_osm_points"", ""population"": null, ""external_id"": ""osm:node:13229405090"", ""region_code"": ""MM-KYAUKTAN"", ""osm_feature_type"": ""N"", ""snapshot_version"": ""osm_myanmar_2026_05_15_kyauktan_v2"", ""source_snapshot_id"": 4, ""source_classification"": ""settlement""}"
osm:node:13229405091,safe_new,အနောက်ပိုင်းရပ်ကွက်,Ah Nauk Paing Ward,quarter,quarter,settlement,16.6258585,96.3124622,80.00,dce555f4dc99925d05d5a1cbc0ed694b,"{""place"": ""quarter"", ""osm_id"": ""13229405091"", ""raw_id"": 533, ""raw_table"": ""raw_osm_points"", ""population"": null, ""external_id"": ""osm:node:13229405091"", ""region_code"": ""MM-KYAUKTAN"", ""osm_feature_type"": ""N"", ""snapshot_version"": ""osm_myanmar_2026_05_15_kyauktan_v2"", ""source_snapshot_id"": 4, ""source_classification"": ""settlement""}"
osm:node:13229405092,safe_new,ဆင်ကန်ရပ်ကွက်,Sin Kan Ward,quarter,quarter,settlement,16.6449927,96.3221256,80.00,494e9c2c8c95e741e439e1b42db9d9a1,"{""place"": ""quarter"", ""osm_id"": ""13229405092"", ""raw_id"": 80, ""raw_table"": ""raw_osm_points"", ""population"": null, ""external_id"": ""osm:node:13229405092"", ""region_code"": ""MM-KYAUKTAN"", ""osm_feature_type"": ""N"", ""snapshot_version"": ""osm_myanmar_2026_05_15_kyauktan_v2"", ""source_snapshot_id"": 4, ""source_classification"": ""settlement""}"
osm:node:13229405093,safe_new,အေးမြသီတာရပ်ကွက်,Aye Mya Thi Dar Ward,quarter,quarter,settlement,16.6533613,96.2902454,80.00,fd422ddc00aa86ce3602f98c24018c8f,"{""place"": ""quarter"", ""osm_id"": ""13229405093"", ""raw_id"": 364, ""raw_table"": ""raw_osm_points"", ""population"": null, ""external_id"": ""osm:node:13229405093"", ""region_code"": ""MM-KYAUKTAN"", ""osm_feature_type"": ""N"", ""snapshot_version"": ""osm_myanmar_2026_05_15_kyauktan_v2"", ""source_snapshot_id"": 4, ""source_classification"": ""settlement""}"
osm:node:13229405094,safe_new,စံချိန်မီရပ်ကွက်,San Chein Hmi Ward,quarter,quarter,settlement,16.6375312,96.3122667,80.00,939c2d0de4583b9e52d70e687dd57897,"{""place"": ""quarter"", ""osm_id"": ""13229405094"", ""raw_id"": 528, ""raw_table"": ""raw_osm_points"", ""population"": null, ""external_id"": ""osm:node:13229405094"", ""region_code"": ""MM-KYAUKTAN"", ""osm_feature_type"": ""N"", ""snapshot_version"": ""osm_myanmar_2026_05_15_kyauktan_v2"", ""source_snapshot_id"": 4, ""source_classification"": ""settlement""}"
osm:node:13229405095,safe_new,အရှေ့ပိုင်းရပ်ကွက်,Ah Shey Paing Ward,quarter,quarter,settlement,16.6435502,96.3402027,80.00,de1bdad6f6a9ddf030d67215eb217159,"{""place"": ""quarter"", ""osm_id"": ""13229405095"", ""raw_id"": 72, ""raw_table"": ""raw_osm_points"", ""population"": null, ""external_id"": ""osm:node:13229405095"", ""region_code"": ""MM-KYAUKTAN"", ""osm_feature_type"": ""N"", ""snapshot_version"": ""osm_myanmar_2026_05_15_kyauktan_v2"", ""source_snapshot_id"": 4, ""source_classification"": ""settlement""}"
osm:node:5441913066,safe_new,ဆေးလုံးကြီး,Say Lone Gyi,village,village,settlement,16.7108494,96.3296699,80.00,ba240675b41b47e0f46571836b09f296,"{""place"": ""village"", ""osm_id"": ""5441913066"", ""raw_id"": 240, ""raw_table"": ""raw_osm_points"", ""population"": null, ""external_id"": ""osm:node:5441913066"", ""region_code"": ""MM-KYAUKTAN"", ""osm_feature_type"": ""N"", ""snapshot_version"": ""osm_myanmar_2026_05_15_kyauktan_v2"", ""source_snapshot_id"": 4, ""source_classification"": ""settlement""}"
osm:relation:19705460,safe_new,အေးမြသီတာရပ်ကွက်,Aye Mya Thi Dar Ward,quarter,quarter,settlement,16.6478489,96.2953985558109,80.00,8e24605d5d707bb3374e0f7d513b6ec1,"{""place"": ""quarter"", ""osm_id"": ""19705460"", ""raw_id"": 437, ""raw_table"": ""raw_osm_polygons"", ""population"": null, ""external_id"": ""osm:relation:19705460"", ""region_code"": ""MM-KYAUKTAN"", ""osm_feature_type"": ""R"", ""snapshot_version"": ""osm_myanmar_2026_05_15_kyauktan_v2"", ""source_snapshot_id"": 4, ""source_classification"": ""settlement""}"
osm:relation:19705461,safe_new,ရွှေပြည်သာယာရပ်ကွက်,Shwe Pyi Thar Yar Ward,quarter,quarter,settlement,16.6390825,96.29563757173631,80.00,d4620b8be8807e0c03a95ab7c1461b44,"{""place"": ""quarter"", ""osm_id"": ""19705461"", ""raw_id"": 448, ""raw_table"": ""raw_osm_polygons"", ""population"": null, ""external_id"": ""osm:relation:19705461"", ""region_code"": ""MM-KYAUKTAN"", ""osm_feature_type"": ""R"", ""snapshot_version"": ""osm_myanmar_2026_05_15_kyauktan_v2"", ""source_snapshot_id"": 4, ""source_classification"": ""settlement""}"
osm:relation:19705462,safe_new,သီတာမြိုင်ရပ်ကွက်,Thi Dar Myaing Ward,quarter,quarter,settlement,16.63164755,96.30190141026455,80.00,6e053ab06b75eb9e5b9dd5ba0817781c,"{""place"": ""quarter"", ""osm_id"": ""19705462"", ""raw_id"": 461, ""raw_table"": ""raw_osm_polygons"", ""population"": null, ""external_id"": ""osm:relation:19705462"", ""region_code"": ""MM-KYAUKTAN"", ""osm_feature_type"": ""R"", ""snapshot_version"": ""osm_myanmar_2026_05_15_kyauktan_v2"", ""source_snapshot_id"": 4, ""source_classification"": ""settlement""}"
osm:relation:19705463,safe_new,အနောက်ပိုင်းရပ်ကွက်,Ah Nauk Paing Ward,quarter,quarter,settlement,16.6251198,96.31095895528838,80.00,1a415bb7e506d51c4566b4a5e8d221f7,"{""place"": ""quarter"", ""osm_id"": ""19705463"", ""raw_id"": 463, ""raw_table"": ""raw_osm_polygons"", ""population"": null, ""external_id"": ""osm:relation:19705463"", ""region_code"": ""MM-KYAUKTAN"", ""osm_feature_type"": ""R"", ""snapshot_version"": ""osm_myanmar_2026_05_15_kyauktan_v2"", ""source_snapshot_id"": 4, ""source_classification"": ""settlement""}"
osm:relation:19705464,safe_new,စံချိန်မီရပ်ကွက်,San Chein Hmi Ward,quarter,quarter,settlement,16.638387299999998,96.312285062271,80.00,badc1d4ff7d813ec1d0e103e299d44b0,"{""place"": ""quarter"", ""osm_id"": ""19705464"", ""raw_id"": 477, ""raw_table"": ""raw_osm_polygons"", ""population"": null, ""external_id"": ""osm:relation:19705464"", ""region_code"": ""MM-KYAUKTAN"", ""osm_feature_type"": ""R"", ""snapshot_version"": ""osm_myanmar_2026_05_15_kyauktan_v2"", ""source_snapshot_id"": 4, ""source_classification"": ""settlement""}"
osm:relation:19705465,safe_new,ဆင်ကန်ရပ်ကွက်,Sin Kan Ward,quarter,quarter,settlement,16.644409699999997,96.3214289800442,80.00,aecae561b9c0fe668273879241362b9d,"{""place"": ""quarter"", ""osm_id"": ""19705465"", ""raw_id"": 334, ""raw_table"": ""raw_osm_polygons"", ""population"": null, ""external_id"": ""osm:relation:19705465"", ""region_code"": ""MM-KYAUKTAN"", ""osm_feature_type"": ""R"", ""snapshot_version"": ""osm_myanmar_2026_05_15_kyauktan_v2"", ""source_snapshot_id"": 4, ""source_classification"": ""settlement""}"
osm:relation:19705466,safe_new,ရွှေကုန်းရပ်ကွက်,Shwe Kone Ward,quarter,quarter,settlement,16.640158200000002,96.32845461738333,80.00,d88e4cb1c287e39b1d64b108ba44b491,"{""place"": ""quarter"", ""osm_id"": ""19705466"", ""raw_id"": 490, ""raw_table"": ""raw_osm_polygons"", ""population"": null, ""external_id"": ""osm:relation:19705466"", ""region_code"": ""MM-KYAUKTAN"", ""osm_feature_type"": ""R"", ""snapshot_version"": ""osm_myanmar_2026_05_15_kyauktan_v2"", ""source_snapshot_id"": 4, ""source_classification"": ""settlement""}"
osm:relation:19705467,safe_new,အလယ်ပိုင်းရပ်ကွက်,Ah Lel Paing Ward,quarter,quarter,settlement,16.63402405,96.33019109265118,80.00,c9bf0fed1b3c4ca81aae45dd8a7162d5,"{""place"": ""quarter"", ""osm_id"": ""19705467"", ""raw_id"": 493, ""raw_table"": ""raw_osm_polygons"", ""population"": null, ""external_id"": ""osm:relation:19705467"", ""region_code"": ""MM-KYAUKTAN"", ""osm_feature_type"": ""R"", ""snapshot_version"": ""osm_myanmar_2026_05_15_kyauktan_v2"", ""source_snapshot_id"": 4, ""source_classification"": ""settlement""}"
osm:relation:19705468,safe_new,အရှေ့ပိုင်းရပ်ကွက်,Ah Shey Paing Ward,quarter,quarter,settlement,16.6440731,96.338968475,80.00,c99b157cc3df2da17e6f4e12ca07e5f3,"{""place"": ""quarter"", ""osm_id"": ""19705468"", ""raw_id"": 332, ""raw_table"": ""raw_osm_polygons"", ""population"": null, ""external_id"": ""osm:relation:19705468"", ""region_code"": ""MM-KYAUKTAN"", ""osm_feature_type"": ""R"", ""snapshot_version"": ""osm_myanmar_2026_05_15_kyauktan_v2"", ""source_snapshot_id"": 4, ""source_classification"": ""settlement""}"
osm:way:383504428,safe_new,သံလျင်,သံလျင်,city,city,settlement,16.7370747,96.27215599547304,80.00,71397da441e8c7ca1b521fd01f20e7d5,"{""place"": ""city"", ""osm_id"": ""383504428"", ""raw_id"": 1371, ""raw_table"": ""raw_osm_polygons"", ""population"": null, ""external_id"": ""osm:way:383504428"", ""region_code"": ""MM-KYAUKTAN"", ""osm_feature_type"": ""W"", ""snapshot_version"": ""osm_myanmar_2026_05_15_kyauktan_v2"", ""source_snapshot_id"": 4, ""source_classification"": ""settlement""}"
